<?xml version="1.0" encoding="UTF-8" standalone="yes" ?>
<CodeBlocks_plugin_manifest_file>
    <SdkVersion major="1" minor="11"  release="12" />
    <Plugin name="XPMEditor">
        <Value title="XPMEditor" />
        <Value version="0.2" />
        <Value description="Internal image editor" />
        <Value author="Sebastien" />
        <Value authorEmail="seb_seb0@lycos.com" />
        <Value authorWebsite="" />
        <Value thanksTo="" />
        <Value license="GPL" />
    </Plugin>
</CodeBlocks_plugin_manifest_file>
